<?xml version="1.0" encoding="utf-8" ?>
<component name="HomeScreen" extends="Scene" initialFocus="mainRowList">
  <children>
    <RowList 
      id = "mainRowList" 
      translation = "[ 130, 160 ]" 
      itemComponentName = "user" 
      numRows = "1" 
      itemSize = "[ 1608, 308 ]" 
      rowItemSize = "[ [536, 308] ]" 
      itemSpacing = "[ 0, 40 ]" 
      showRowLabel = "[ true ]" 
      drawFocusFeedback = "false" 
      vertFocusAnimationStyle = "fixedFocusWrap" 
      rowFocusAnimationStyle = "fixedFocusWrap" />
    <UserDetailScreen id="userDetailScreen" />
    <user visible="False" id="userID"/>
  </children>
  <interface>
    <field id="setVisible" type="bool" value="false" />
  </interface>
  <script type="text/brightscript" uri="./homeScreen.brs" />
</component>
